,0,1,2,3,4,5,6,7,8,9,10,11,12,13,14,15,16,17,18,19,20,21,22,23,24,25,26,27,28,29,30,31,32,33,34,35,36,37,38,39,40,41,42,43,44,45,46,47,48,49,50,51,52,53,54,55,56,57,58,59,60,61,62,63,64,65,66,67,68,69,70,71,72,73,74,75,76,77,78,79,80,81,82,83,84,85,86,87,88,89,90,91,92,93,94,95
0,345474.0,0.0,0.0,0.0,0.0,0.0,303272.0,0.0,0.0,0.0,0.0,0.0,204686.0,0.0,0.0,0.0,0.0,0.0,204686.0,0.0,0.0,0.0,0.0,0.0,615376.0,1.0,0.0,0.25,0.0,0.0,303272.0,0.0,0.0,0.0,0.0,0.0,531435.0,0.0,0.0,0.0,0.0,0.0,506100.0,0.0,0.0,0.0,0.0,0.0,1055964.0,0.0,0.0,0.0,0.0,0.0,444270.0,0.0,0.0,0.0,0.0,0.0,318588.0,0.0,0.0,0.0,0.0,0.0,575478.0,0.0,0.0,0.0,0.0,0.0,200781.0,0.0,0.0,0.0,0.0,0.0,346461.0,0.0,0.0,0.0,0.0,0.0,609893.0,21.0,0.0,5.25,0.0,0.0,526379.0,32.0,0.0,8.0,0.0,0.0
1,345473.9956757588,0.02031588609624739,0.0024932452088433413,0.00103789873523969,0.00023907641955050823,0.0,303271.9999405478,0.00041974976907565084,3.476745769264747e-05,1.5216476757772294e-05,2.5905080952445387e-06,0.0,204685.99999813797,1.776505377217252e-05,1.0990736100397332e-06,4.962683196324549e-07,6.664851194441723e-08,0.0,204685.9999940977,5.582799635055354e-05,3.483094778540191e-06,1.5716195084713073e-06,2.1233077375492976e-07,0.0,615375.3789844407,1.1506779291098497,0.27112350889006026,0.23066961463717273,0.15819277382912775,0.0,303271.9956706338,0.02036448852619499,0.0024962698485680133,0.0010392637838004344,0.00023926051255309625,0.0,531434.9995494414,0.0032155976435048884,0.0002635621228181439,0.00011546728414954546,1.9522359624269133e-05,0.0,506099.9987247854,0.00901890713037352,0.0007457763944892467,0.00032645254468093986,5.5514669540074354e-05,0.0,1055963.9956683961,0.02038560678929902,0.0024975905470388006,0.0010398595823683278,0.0002393411412889359,0.0,444269.9989683405,0.007317329626831527,0.0006033860578975136,0.00026419326182889035,4.484533652035791e-05,0.0,318587.90665080346,0.444576154203138,0.05384367811205812,0.022446064858351128,0.00513126245295516,0.0,575477.7911910368,0.9839547222795337,0.1204041993346002,0.05013794045750461,0.011529949462564545,0.0,200780.9994129968,0.004157559980939713,0.0003433070299096644,0.00015029759721203452,2.5535307672132805e-05,0.0,346460.90792190743,0.43559613952769,0.053100322011753034,0.022120704617913132,0.00507589509071516,0.0,609879.7516918146,25.138892096484003,5.813210192753484,4.893856258162993,3.3335183536037922,0.0,526359.0384554685,37.24553478078209,8.728031113999355,7.403104471225737,5.067165377596545,0.0
2,345473.9809146482,0.044198694010564865,0.010530401950647727,0.0036633277764105436,0.0017300693965733808,0.0,303271.9994835505,0.0017910526574619568,0.00029097399576469393,0.00011079215210799449,3.8237137896705305e-05,0.0,204685.99996685958,0.00015646740058556646,1.8949135087667524e-05,7.64678472665294e-06,2.0584679399872103e-06,0.0,204685.9998983401,0.00047217719590870034,5.808908012084592e-05,2.3382682491578112e-05,6.3690289790116735e-06,0.0,615374.703393008,1.2937087536720822,0.5788504428470517,0.23438660270655778,0.3120854936733668,0.0,303271.9808254985,0.04461483740963589,0.010581352940755785,0.0036838528162963066,0.0017356401246647018,0.0,531434.9959647396,0.014278659717315957,0.002275461139943842,0.0008694394106585606,0.00029599242536485084,0.0,506099.98887086724,0.03870953124570247,0.006271096300955762,0.002389055253275444,0.0008228366782575521,0.0,1055963.9807873121,0.04479132689872692,0.010603168141692623,0.003692627581632544,0.0017380385361561116,0.0,444269.99092221365,0.031749056851351924,0.005116382770944021,0.0019510020847032957,0.0006694756997193386,0.0,318587.5771215701,1.0048003396285536,0.23358273360075663,0.08166863951877511,0.037966343168916804,0.0,575477.073096706,2.1589839683249576,0.5115487752582866,0.17815804149848574,0.0838438964381497,0.0,200780.994855814,0.017942574378040317,0.0028990107149623498,0.0011049453581940746,0.00037985230364316375,0.0,346460.58817923977,0.9664238793755807,0.22735241383544907,0.07929601083888614,0.03714796459509603,0.0,609864.8567875574,29.288034241132312,12.661032927879788,5.097856425948509,6.63679435189601,0.0,526337.1137913268,42.31726475324467,18.742612604345773,7.576658312910451,10.022818925315345,0.0
3,345473.95302916184,0.07258114156371165,0.025128464499807452,0.007489869564785758,0.005380274426854752,0.0,303271.9981087007,0.004351865554594573,0.00103630077039125,0.00034902220781507726,0.0001817440128461802,0.0,204685.99981320792,0.0005873056714405591,0.00010419613565871215,3.8048221749709814e-05,1.531832077462188e-05,0.0,204685.99944458605,0.0017062785724451996,0.0003094624816319019,0.0001124406961771128,4.605791398044392e-05,0.0,615373.9607219053,1.4420578438406333,0.9230698352061495,0.2499737605022796,0.4727985290076524,0.0,303271.9525374513,0.07410257136819744,0.025402530951671557,0.00758960262748396,0.005420911051241734,0.0,531434.9847927527,0.03598268865103055,0.008344522615721097,0.0028296147664630005,0.0014442320341106754,0.0,506099.959083416,0.09449051123220242,0.022423852425814725,0.007559312827249129,0.003925599415189892,0.0,1055963.9523307974,0.07473274226405212,0.025517629142453837,0.007631357189100792,0.005438106780382083,0.0,444269.96635924524,0.07830505812713244,0.01844384062531241,0.006229481231202598,0.0032169727934139316,0.0,318586.9327129997,1.7103336500928146,0.5720272461934477,0.17221776530662322,0.12075966774376004,0.0,575475.7058989815,3.5745984152151644,1.2278126984431743,0.3668007320159965,0.26205290223011635,0.0,200780.98101107797,0.04402864848718522,0.010408780542370155,0.0035123071814412354,0.0018187986789553058,0.0,346459.9732354167,1.6170611848201613,0.5498227746653386,0.16473828800616694,0.11686659397460211,0.0,609847.9240545019,33.763921511065845,20.589799209419876,5.6086960391343315,10.186861990733764,0.0,526312.7718753592,47.648020317595844,30.06035326142261,8.154616624512277,15.24151213285983,0.0
4,345473.909134884,0.10637820746079055,0.0475350101511661,0.012405074752685779,0.01194111740299842,0.0,303271.99513526005,0.008427180615782973,0.002609340746659841,0.0007888950668788061,0.0005475411938017562,0.0,204685.99934223053,0.0015589407570652694,0.0003597993194708644,0.00012019870253750266,6.408112282627049e-05,0.0,204685.9981015806,0.004370013338026401,0.0010367440109603939,0.00034363842019163903,0.00018735481672633677,0.0,615373.140334466,1.6027145681499262,1.3060799334543542,0.27255706524809586,0.6463830050167865,0.0,303271.9074387306,0.1103183201712169,0.048461765271716584,0.012713008740901251,0.012107843211308375,0.0,531434.9598118732,0.07204989288598493,0.021598163729227154,0.006598735547784184,0.004463280483967809,0.0,506099.8944156662,0.18359770287043115,0.05664640491976287,0.017147855218959396,0.011864955648640898,0.0,1055963.906739129,0.11191295696982978,0.04884361162960814,0.012839246531552637,0.0121771771639597,0.0,444269.9125167597,0.153662381910861,0.046961507752613124,0.014259225522241282,0.009793233665836218,0.0,318585.8838505321,2.5938220951616655,1.1097935176594484,0.29422749883619703,0.27417978977372925,0.0,575473.5371426708,5.281011578845821,2.3360354112388806,0.6118594893061845,0.5845969082761642,0.0,200780.95080646404,0.08598250459759252,0.026400088372324514,0.008004128521691446,0.00551730804465563,0.0,346458.98807491444,2.4133798998044984,1.0538891319190389,0.27732621129222274,0.2624483093167458,0.0,609828.592400394,38.75620601981278,29.707305100659777,6.318528952081884,14.146777747299513,0.0,526285.6153027692,53.47804584418943,42.779265402003794,8.978311162727115,20.932112595342655,0.0
5,345473.84598834184,0.14656434528593487,0.07923421121636794,0.0184399487290618,0.022141747276538816,0.0,303271.9896842944,0.014433512390196189,0.005441828119665039,0.0014960378835694942,0.0012911245185893824,0.0,204685.99820963186,0.003425687556823284,0.0009639839856396969,0.0002974438409256022,0.00019628360911072944,0.0,204685.99497852282,0.009283328542101156,0.0026981711079543057,0.0008235317545453885,0.0005584010998764257,0.0,615372.2317981217,1.7801289908805153,1.7315720485970743,0.3001395522495225,0.8367264795971532,0.0,303271.8414618597,0.15502374395814253,0.08166797516718105,0.019185327034208572,0.022642879377504154,0.0,531434.9125718415,0.12725445640911423,0.04623006245420691,0.012890829808126912,0.01078700217928863,0.0,506099.77554310637,0.3151402915906226,0.11843553849341037,0.03260636369290785,0.02805322950067364,0.0,1055963.8396292343,0.1583704440060783,0.08265197597268044,0.019484523021544367,0.02284766293315892,0.0,444269.81261007336,0.26628152974278624,0.09894667159261324,0.027356648915860884,0.023321255056355808,0.0,318584.32528135285,3.6925253526082704,1.8962675302257104,0.4510706243069187,0.5201481368260756,0.0,575470.3933271798,7.332799846253902,3.916186737415664,0.9161059474191224,1.0896627380920303,0.0,200780.89501674345,0.14831041016212562,0.055414781770135944,0.01528935140228408,0.013092654217376851,0.0,346457.54610785854,3.3841627183891396,1.7797811987453038,0.4190613025987433,0.49249619832385133,0.0,609806.4884721659,44.403348188455006,40.16160954325772,7.186724896310668,18.633003817583937,0.0,526255.2473247675,59.96628701228399,57.046091129912305,9.984004250455321,27.23351546738672,0.0
6,345473.7598689799,0.19422444374406828,0.12196859831803816,0.02570762933408524,0.03676150493489256,0.0,303271.9806311234,0.02289301991993671,0.010083295560688755,0.002548785557206766,0.002615615386485127,0.0,204685.99585891943,0.006681688983807613,0.0022009970929551996,0.0006324403570892807,0.0004948529366069041,0.0,204685.98870144502,0.017533773397424835,0.005990776688307582,0.0016975865008634792,0.001370733037756665,0.0,615371.2240385346,1.9777934106150246,2.2042154715856292,0.3320557790662459,1.046885884206742,0.0,303271.74959596805,0.21036539296088033,0.12741976291007537,0.027259161937205838,0.03800191663151973,0.0,531434.8318199703,0.20761587540528584,0.08778806730761941,0.022585807635451625,0.022376950316016053,0.0,506099.57779930247,0.5003307266708715,0.2198402545108282,0.05564639345666628,0.056950049940618794,0.0,1055963.7455128636,0.21660955452252792,0.12958279172514883,0.027868956700523445,0.03849996880044411,0.0,444269.64489232516,0.4266682210323518,0.18505768249482954,0.047099473712638146,0.04768224366949628,0.0,318582.1318968117,5.049723570158855,2.990946374695603,0.6482934892885576,0.8835912191424949,0.0,575466.0734964873,9.791448623410759,6.062801688827264,1.2864480050525198,1.8187608599207483,0.0,200780.80177376512,0.2365861441745699,0.10326039727464786,0.026211254392199203,0.026676027342381316,0.0,346455.5458549748,4.562331219517354,2.7754734981944513,0.5938903718649062,0.8276347502538168,0.0,609781.2036696506,50.82796704218617,52.133143805401126,8.204429316413849,23.746806945656818,0.0,526221.243061701,67.24162801306827,73.0430991227207,11.152072208850752,34.258697689655776,0.0
7,345473.6464753049,0.25059263626350015,0.17777190675368224,0.034375952219873634,0.056674180891360115,0.0,303271.9665464685,0.03445471913544874,0.017230207185177475,0.004043010466504663,0.004781852170077538,0.0,204685.9914390272,0.012003281858385216,0.004501453533885848,0.0012130797230773165,0.0010924473477563917,0.0,204685.97725662,0.03054693669461786,0.01192636679343201,0.003160048075568026,0.0029483258734158465,0.0,615370.1048477879,2.198989972065643,2.7295217073115414,0.3682776880042275,1.2797121255666402,0.0,303271.6256220319,0.27898915937702046,0.1887165791952543,0.03729165544726007,0.05936405337535284,0.0,531434.7027971435,0.32065195497594745,0.1535183798930748,0.03677887611055021,0.04184923324338113,0.0,506099.2700160201,0.7528307274772363,0.37603278126749556,0.08832842530807852,0.10426575570631706,0.0,1055963.6174846971,0.2897338402276387,0.19297921295031506,0.03841371393538026,0.060425204697433316,0.0,444269.3815149663,0.6477409335719525,0.3188931618647372,0.07541078166974902,0.08791797688532066,0.0,318579.1545309651,6.716072206646414,4.4651243931910365,0.8931972087678285,1.3937230239187117,0.0,575460.3433898967,12.727392603790014,8.886983140753799,1.7326789858694014,2.8190019444818906,0.0,200780.65597434805,0.35763598179508166,0.17730116497436535,0.04179195882436891,0.04901707262771913,0.0,346452.86777548504,5.9860164677514165,4.097863831039314,0.807206319546015,1.2916126339167286,0.0,609752.2794588321,58.15399177297265,65.83312854242156,9.37861462247612,29.589396430990234,0.0,526183.1326158495,75.42703941654676,90.98392277531948,12.484130780399484,42.115460971481575,0.0
8,345473.5008199535,0.3170869358869109,0.24901104533900265,0.04465674134546915,0.08288022013685481,0.0,303271.9456239775,0.049922231296975934,0.0277612538733993,0.00609694330597071,0.008121646721361628,0.0,204685.98369744973,0.02030178300692563,0.008494612625100638,0.002160048760931248,0.002190670227055078,0.0,204685.957793821,0.050171501938708354,0.021926999583740135,0.0054663837252049065,0.0057640534529020005,0.0,615368.8605342282,2.447167138007314,3.313843916070903,0.40910652948069837,1.5381578762286598,0.0,303271.4618037091,0.36416717823813644,0.2693000693452056,0.04974720004453068,0.08818127025488337,0.0,531434.5063799304,0.4756916545091835,0.25278089649351476,0.056832860375642044,0.0726349205240799,0.0,506098.8131373711,1.0891934242093397,0.6059789847103974,0.1331453071289415,0.17722132069229687,0.0,1055963.4468554358,0.3815949965023208,0.27705666783547017,0.051665376328399654,0.09023582137168032,0.0,444268.9871559558,0.945292977581487,0.5176557046176231,0.11464178293880825,0.15048796490447858,0.0,318575.2153730108,8.751022733510082,6.403926712305122,1.1947526956611951,2.0851715074237758,0.0,575452.9294149324,16.22190079178848,12.518893194568577,2.267016749372357,4.144833765063199,0.0,200780.43856961225,0.5197729840228262,0.28680185082883175,0.06327531950019902,0.08361710670691572,0.0,346449.370899212,7.699613204987237,5.814216962791665,1.0656906872844158,1.9121995658323578,0.0,609719.1958529269,66.51568830437759,81.50514877518087,10.725022954054163,36.269788027321084,0.0,526140.3890478053,84.6515835922116,111.11374612683416,13.99284288503038,50.91671926166993,0.0
9,345473.31711519195,0.3953442875231713,0.3384367651805795,0.05680356079532087,0.11653492154499336,0.0,303271.9155911196,0.07028854807153853,0.04278050117132803,0.008856624072640562,0.013054432614239617,0.0,204685.97084277007,0.03278919754607288,0.015075515915400501,0.0036363407644702467,0.00408494521306966,0.0,204685.92638066688,0.07878251270451388,0.03794409530589241,0.008948609955563054,0.01048536581415054,0.0,615367.4756143804,2.7261555167012967,3.964448039456645,0.45504051163840714,1.8254463537876484,0.0,303271.2485154095,0.4699457428445059,0.3738298568121211,0.06521182191083542,0.12625407866511187,0.0,531434.2180391845,0.6842538585913784,0.39755144843596457,0.08443793694415722,0.11917754403739339,0.0,506098.1585687637,1.5294001147823901,0.9332319268436623,0.19311168726142255,0.2848653604872012,0.0,1055963.2227095666,0.49696676342804696,0.38711251646775746,0.0683142991294083,0.12995463321799103,0.0,444268.41737365664,1.3385522083281094,0.8029440552580692,0.1676629116347765,0.24358408710174756,0.0,318570.102760154,11.224391911153578,8.908717719192328,1.5636979911693096,2.9991148232691955,0.0,575443.5120257908,20.36901046459098,17.11072206237148,2.9040456651486677,5.859619808535505,0.0,200780.12571460506,0.7330812145338753,0.443336806748292,0.09217361543887595,0.1348919316695972,0.0,346444.88906031067,9.754905264975285,8.003881247300985,1.3773351853114442,2.722043992654016,0.0,609681.3606395758,76.06316650893191,99.42849535836037,12.265181712040679,43.909499823676065,0.0,526092.4179537055,95.05706828711847,133.71174605784512,15.6974966837332,60.78617151458925,0.0
10,345473.0886433059,0.4872588714337983,0.44924351545796765,0.07111401239844355,0.15897679682307206,0.0,303271.87359973066,0.09677891763736962,0.06367028467043676,0.012502391385632758,0.020107867458617028,0.0,204685.95036907555,0.05105978900631211,0.025490599357725408,0.005859135683902848,0.007196484334966946,0.0,204685.87769744065,0.1194067769964428,0.0626062466003172,0.014034019216570796,0.018031267085678628,0.0,615365.9324977553,3.0403196290423535,4.689628870485603,0.5067232640855389,2.1451823052327397,0.0,303270.9737900823,0.6013215340041024,0.5080999859642404,0.08441592731569536,0.17581963071294612,0.0,531433.8065793914,0.9605019670638568,0.6030287172241455,0.12168187644119782,0.187173701337082,0.0,506097.24621337285,2.0974997886191162,1.3868732700298025,0.2718658074887099,0.43845450211785875,0.0,1055962.93136798,0.6417518374849245,0.5297834858779799,0.08922208725448759,0.18211919377345173,0.0,444267.61663581553,1.850849484538352,1.2016996091713545,0.23796892760633084,0.3775102635257802,0.0,318563.56516919355,14.218142853846949,12.099930124741455,2.0127466929921147,4.184521866549377,0.0,575431.7182328413,25.2776360531947,22.84016379919184,3.660877271647906,8.03725879593817,0.0,200779.68775272073,1.0097550283261065,0.6612773746362881,0.13032113735829445,0.20836788321629146,0.0,346439.2265880019,12.212321145151156,10.760303954538418,1.7515651531868421,3.759581828746313,0.0,609638.0981529874,86.96648834220997,119.92268767740792,14.025304398983177,52.64596781144575,0.0,526038.5470809418,106.80244509402786,159.09488343804477,17.622226003606094,71.86202299205338,0.0
11,345472.8076074443,0.5950256539614625,0.5851395672067499,0.08793478417156014,0.21175843764128818,0.0,303271.81609166163,0.1309034242177337,0.09215608649057488,0.017256749026311573,0.029943194402339394,0.0,204685.91883308694,0.07719102305305249,0.04144620249265814,0.009114570213364216,0.012113093498092866,0.0,204685.80465959705,0.17587494250409547,0.09940185929814396,0.021267969858481693,0.029643069382045976,0.0,615364.2111373439,3.394690983635282,5.498861341460427,0.5649304277020444,2.5014429028372525,0.0,303270.6227678153,0.7644533708495127,0.679304053968231,0.10826438770503982,0.2396574277621673,0.0,531433.2326162047,1.321787224976144,0.8883664816399508,0.17113348074594747,0.2838646563722535,0.0,506096.0021402925,2.8223654325223064,2.0026300661294805,0.37378802106809295,0.6519068562799629,0.0,1055962.555733827,0.8232298129809923,0.7133601952222669,0.11545728182839371,0.24990720076805423,0.0,444266.5159636608,2.510412289360734,1.7473365904988387,0.32980227976215737,0.5651379391976824,0.0,318555.3042385403,17.828432525290104,16.12037491386171,2.556876316096243,5.699559183264233,0.0,575417.1130239152,31.0739400804277,29.914454431511324,4.5574445489638595,10.763958633784112,0.0,200779.0880047236,1.3645014634606065,0.95837247066318,0.17993690668971438,0.31091647176299264,0.0,346432.1533294222,15.142364938433154,14.193383944617118,2.1994300934097977,5.070050900833229,0.0,609588.6369304548,99.41937067031355,143.35296571337688,16.03608620008676,62.63556319572105,0.0,525978.0151784865,120.06737983361111,187.62267772711527,19.795459315968774,84.29998171122332,0.0
12,345472.4649586673,0.7211908543378741,0.7504289399133718,0.10766869514428824,0.2766814314722125,0.0,303271.738633991,0.1745212690545873,0.13038607753505677,0.02339395469282252,0.043386392844697856,0.0,204685.87157280772,0.11386810199448477,0.06524536828522787,0.013776032046949768,0.019640943535658244,0.0,204685.69795260136,0.25300557452051303,0.15290399293072351,0.031341547887348685,0.04697188849195233,0.0,615362.288627586,3.795104977896967,6.402985464681065,0.6305753693398002,2.8988667512664157,0.0,303270.1770235547,0.9669173173975787,0.8963589448034575,0.13787414424781955,0.3212175240036904,0.0,531432.4467416795,1.7892965893901835,1.2775554718780187,0.2359419613916068,0.41838862377026537,0.0,506094.33581883763,3.738585509152856,2.8241985702956756,0.5041398343045146,0.9423409986556186,0.0,1055962.0744967796,1.0503548970447218,0.9481701834094546,0.148339579650055,0.3372884534179178,0.0,444265.0301204586,3.351304283401388,2.4810899534129436,0.44829869506532555,0.822450854987043,0.0,318544.96664584655,22.167978719103182,21.139105937711548,3.2136855914746523,7.613213014883696,0.0,575399.1894906249,37.904036336894066,38.57504751503336,5.616893285190185,14.14023974642255,0.0,200778.28132683306,1.815016045318929,1.3564394937472297,0.2436985525209817,0.4510343707982517,0.0,346423.3988801639,18.627262771810077,18.432210947230875,2.733847306192157,6.7066503006939175,0.0,609532.095822423,113.64296789236928,170.13671739422173,18.33294915269334,74.0566391474776,0.0,525909.9596086721,135.0556682323909,219.70285152759251,22.2499611254332,98.27610804826419,0.0
13,345472.0501946347,0.8687109562849495,0.9501070754008458,0.13078350222699348,0.35583655639135275,0.0,303271.63571707736,0.22991922541615423,0.18102857159764868,0.03125172111539848,0.06146639077244069,0.0,204685.80235408514,0.1645371554723421,0.09995948942716273,0.02032674427491648,0.03086989857082166,0.0,204685.545460706,0.35682754530100497,0.22904622754943132,0.045125067464951416,0.0721864351668878,0.0,615360.138734519,4.248354196490182,7.4144276004531,0.7047257929119192,3.3427506041897117,0.0,303269.6137484246,1.2180140911581288,1.1702991762674986,0.17462021694479624,0.424776491595688,0.0,531431.3873174904,2.3888239747728224,1.8004834467065993,0.3199553143903288,0.6022053378793991,0.0,506092.13684228656,4.8875129615933535,3.9048118324927015,0.6692273620571487,1.3307153938891132,0.0,1055961.4611665036,1.3341133786421295,1.2470431927046564,0.18949363541688147,0.4492093563248946,0.0,444263.05426149047,4.414535776551837,3.453620792026334,0.5996592042995894,1.1691952709208553,0.0,318532.1346485778,27.368802365010726,27.355926496936853,4.003820165957412,10.007171752908505,0.0,575377.3574434406,45.93709056022513,49.10301897751712,6.866058051913235,18.28322732004987,0.0,200777.21239613887,2.3825444646882707,1.8821855586537262,0.3248294702638769,0.6391768723857274,0.0,346412.64588815323,22.76286483823563,23.62825069884682,3.369895192776005,8.731878426024672,0.0,609467.4682114217,129.8899926653685,200.75089685048593,20.956540563160157,87.11283182374088,0.0,525833.4023822508,151.99883250947366,255.79785292866546,25.023182548879888,113.98980473371488,0.0
14,345471.5511247477,1.0410220265422738,1.1899726276185705,0.1578225076363227,0.4516504294657102,0.0,303271.50050728425,0.2999072742631839,0.2473913257202122,0.041245490195028336,0.08546189315210644,0.0,204685.70292855965,0.23359317190068785,0.14964275731537366,0.029387562507566797,0.047255554065263716,0.0,204685.3315676523,0.4948482162748255,0.3354601161071087,0.0637085610016435,0.10810535933495395,0.0,615357.7313427596,4.762366651605421,8.547463301370058,0.7886279542125958,3.8391597714456336,0.0,303268.9047543028,1.5291392321688861,1.5147563069351795,0.2201914915553082,0.5556271734749709,0.0,531429.9778255334,3.151687151363592,2.494207279453633,0.42786121224112966,0.8496066900181659,0.0,506089.271051289,6.318498217050133,5.309093964459157,0.8765935150750254,1.842585915417534,0.0,1055960.6829007496,1.6879524913798232,1.6258751766307298,0.24091400955995332,0.5918168417752637,0.0,444260.4599479034,5.749374652370955,4.7269259027828445,0.7913533565082372,1.629654779786629,0.0,318516.3150692503,33.58540673697951,35.00664000622325,4.951471960704356,12.978015833787378,0.0,575350.930276922,55.368885801932564,61.82530967914419,8.336022563799437,23.32928821969267,0.0,200775.81367436404,3.092544881609716,2.5681824779071722,0.4272016453939923,0.8881544237254205,0.0,346399.52228000405,27.660846089838305,29.9590456150644,4.1251583690135405,11.219083254702053,0.0,609393.6040131928,148.44933528831805,235.74054011181448,23.953402163712518,102.03675272833853,0.0,525747.234322578,171.16008585361016,296.43232661520216,28.157798178903338,131.6671064961872,0.0
15,345470.9535956834,1.2421213550898595,1.4767582144344316,0.1894171659037482,0.5669398674022345,0.0,303271.324544459,0.3879350623690163,0.3335674625743596,0.05388583295057289,0.11695871962012086,0.0,204685.5624829484,0.3266099825355601,0.2195990654602742,0.04175109548545541,0.07072181717202415,0.0,204685.03630295704,0.6763762971970797,0.48188685470268167,0.08845062773574763,0.1583592482815389,0.0,615355.0318022862,5.346416229329249,9.818528948936054,0.8837375232651034,4.395056868842145,0.0,303268.0152654033,1.9142283914480678,1.946540739089647,0.2766580739041822,0.7203093133339072,0.0,531428.123692407,4.115816558026347,3.4044769922653253,0.5653545280889893,1.1783297749060337,0.0,506085.57595178945,8.090337267537862,7.115251282844373,1.1352438722359093,2.5090022195861215,0.0,1055959.6990868812,2.128294381055862,2.104310711270586,0.30504326891340233,0.7727297823373586,0.0,444257.09040976583,7.414892448295477,6.376606291865736,1.0323591156620027,2.233572280780536,0.0,318496.92647497763,40.99846309212628,44.369163462630326,6.084961112004204,16.639766957116887,0.0,575319.1098153357,66.42592571545443,77.12193191506549,10.062770962761947,29.437070687649847,0.0,200774.00299243527,3.975468197211677,3.454022988242821,0.5554568917545271,1.2136035778759267,0.0,346383.5922374369,33.45125368245435,37.63251223203147,5.020130014133992,14.25426103340213,0.0,609309.1891174575,169.65130342796684,275.72851981644624,27.37678067912106,119.09417425295445,0.0,525650.1970654533,192.83878855637735,342.20164299357134,31.70238033447994,151.5643742074449,0.0
16,345470.24117019266,1.4766637716722248,1.818283518266087,0.22630199843411739,0.7049753861386869,0.0,303271.0973721724,0.4982335656752111,0.4446137860332438,0.06979963903893831,0.157919943546784,0.0,204685.3669554607,0.45062104076964365,0.3167130104860265,0.05842347938861845,0.1037886625037899,0.0,204684.63430242395,0.9129098845451686,0.6806782057148552,0.12103726090370152,0.22758835924068951,0.0,615352.0001553237,6.01137268763748,11.246591192908348,0.9917572695264106,5.018453350145778,0.0,303266.9024537043,2.3902923394112907,2.4863465947474794,0.34655240509522534,0.926889459518919,0.0,531425.7084894804,5.327046806825103,4.587558742121441,0.7393363031871235,1.610291609082032,0.0,506080.8553048471,10.272971011690997,9.417658853492577,1.45591196272511,3.3675672239767405,0.0,1055958.4596279792,2.6751513182747573,2.706567187662725,0.3848656821483225,1.0013674252719775,0.0,444252.75492415915,9.481786075695915,8.494558727811956,1.333445816938934,3.017245566262147,0.0,318473.2842641175,49.81908172587539,55.77064079168168,7.4374120782974895,21.12685524892034,0.0,575280.968831865,79.37015751619299,95.4342852114442,12.087940663925647,36.79101063132707,0.0,200771.68068857738,5.067676526436531,4.5876903686444335,0.7151496936972197,1.6345456342432774,0.0,346364.34572617593,40.28545560750666,46.89192931574082,6.078679067230297,17.93814386057087,0.0,609212.7218923855,193.87359302523075,321.42670887347833,31.287575160582016,138.5888000798343,0.0,525540.8625803802,217.37549661124825,393.7816218108617,35.71219538555586,173.9724787419203,0.0
17,345469.3947507175,1.750075425150625,2.223634766122369,0.2693322177199607,0.8695555016244525,0.0,303270.80608621304,0.6359872339774116,0.5867684701129373,0.08975589485615582,0.21077160853212262,0.0,204685.09819013477,0.6144614566428617,0.4498590380410845,0.08067539971385981,0.14973066411761737,0.0,204684.09354552097,1.2186021081704261,0.9474045813557856,0.16355257285409727,0.32168333881421385,0.0,615348.5902200929,6.769999347854363,12.853585140431957,1.1146823975740636,5.718588600438478,0.0,303265.513666743,2.9780589910775794,3.1596043370450424,0.43296677682698004,1.1853001401465248,0.0,531422.5893927037,6.8406469746671785,6.112412142992911,0.9581497987393335,2.1724682466718184,0.0,506074.87274516444,12.949477990271511,12.329910781090582,1.8513706104123242,4.463688041815811,0.0,1055956.9028754875,3.3528612081109888,3.4624285715994767,0.4840194328549663,1.2893461572946787,0.0,444247.2221511162,12.034522422255328,11.192165437052521,1.707507616196157,4.024827551129004,0.0,318444.58332952595,60.293758664419705,69.59571437351444,9.047537883759006,26.597571477980125,0.0,575235.4308905919,94.50440710554174,117.27474862724146,14.459690489630871,45.60537641597367,0.0,200768.7262211506,6.412523482299184,6.027179093379203,0.9129153681952046,2.174048532674666,0.0,346341.1863499278,48.33955268500232,58.02172516524013,7.3285917100572675,22.388622309357025,0.0,609102.4863311469,221.5481032805436,373.64875103423424,35.75542937670839,160.8677135443038,0.0,525417.6098653699,245.1576983113312,451.9396112936367,40.25012369397849,199.22155548163198,0.0
18,345468.39213772037,2.068688366917931,2.7033754230861797,0.3195045607975436,1.0650938080700734,0.0,303270.43478365085,0.8075430144382689,0.7677166272696202,0.11469701981287887,0.27850740928434414,0.0,204684.73289359806,0.8291838907964226,0.6304057979062448,0.11010428407565526,0.2127731202432823,0.0,204683.3738247974,1.6108192032594022,1.3015917693666934,0.21856370865029504,0.44807764105142883,0.0,615344.7485035955,7.637307994707842,14.664934547165823,1.2548547935417675,6.5061421180066406,0.0,303263.78428593127,3.7027431058594305,3.9975107858165977,0.5396704195506347,1.5077503220545623,0.0,531418.5917646582,8.723132312690867,8.06328766422627,1.231860298907149,2.8979452960748278,0.0,506067.3442598704,16.21840990329226,15.988414657479376,2.336797138816003,5.8520517596669155,0.0,1055954.9531389116,4.190966067877735,4.408441992985532,0.6069308490229675,1.6509581369496218,0.0,444240.21224191145,15.173861338207793,14.604070577077275,2.169956169791838,5.309867804032958,0.0,318409.87791524315,72.71010190439189,86.29613875564009,10.960548958185298,33.238082108833844,0.0,575181.2471065465,112.17863229299184,143.23774308044852,17.233700618546372,56.12893475048335,0.0,200764.99416330692,8.061624009801998,7.842410929677969,1.1566679140902894,2.860010379457818,0.0,346313.4172655508,57.81832566181574,71.35419035900493,8.802198385575924,27.743556502644868,0.0,608976.521360048,253.16871900166686,433.32466751423306,40.8599845829564,186.3276059960726,0.0,525278.5984217435,276.62633954863475,517.5471096356301,45.38771301067572,227.68641531574704,0.0
19,345467.2075108854,2.4398998618264596,3.26979376722098,0.37798192750348963,1.2967211410992554,0.0,303269.96389142174,1.0206638292945684,0.9969138786217122,0.1457769099864819,0.3648163721945517,0.0,204684.24135214786,1.1085631370873,0.8728359416935864,0.1487099319734087,0.29833386772878456,0.0,204682.4248948258,2.1108082582461147,1.7676114635928248,0.2892226177779039,0.6161018622709429,0.0,615340.4129107768,8.630982013906932,16.710169631186684,1.4150277985152795,7.393485169109902,0.0,303261.6351428088,4.5949677640986915,5.038271319056707,0.6712498780035983,1.9092212584524029,0.0,531413.5026994306,11.054406539956005,10.542820317176922,1.5725863608869277,3.827171175475861,0.0,506057.92933398485,20.196526438981323,20.556622593165198,2.9302013680322645,7.598364464467131,0.0,1055952.5176913475,5.225259828872749,5.58935604813361,0.7589747291453768,2.1037476294204454,0.0,444231.38750590995,19.01982066916538,18.892645664503632,2.7391825753448575,6.9371376823878705,0.0,318368.0582328722,87.40345402130846,106.40194533331497,13.22920529011421,41.267095406687986,0.0,575116.9693676847,132.79711277521605,174.01248232648302,20.474323294978426,68.65033069658548,0.0,200760.30947241583,10.076345587489865,10.117497656028743,1.4558325617332069,3.726085802963254,0.0,346280.224860239,68.95979832796246,87.27725934312835,10.537099234077711,34.16403620340281,0.0,608832.5857721,289.30019461701903,501.5175575528786,46.6923127695966,215.42189714226913,0.0,525121.7380722144,312.2832453244231,591.5941389180231,51.2063804360282,259.79270462720274,0.0
20,345465.8108188914,2.8723611779531493,3.9371941949620983,0.4461225473048928,1.5704056099409118,0.0,303269.3693486525,1.2848357387071694,1.2859803217836978,0.1844070909972614,0.47423848250760664,0.0,204683.5858577895,1.4697073462306973,1.1955060389106973,0.19898632853088274,0.4133206774851177,0.0,204681.18423735347,2.7444953131033123,2.3757559331367277,0.37938788691357156,0.8374123257973263,0.0,615335.5112105503,9.771881062183335,19.023661429012797,1.5984434921677986,8.394979622343973,0.0,303258.96940557717,5.691866572224574,6.328596278241451,0.8332771433819659,2.408064776517352,0.0,531407.0633400506,13.93029310028875,13.675710593718536,1.9948916603075872,5.0094505481273846,0.0,506046.220533475,25.021996040100372,26.230008243774815,3.6529269421436874,9.781399019233156,0.0,1055949.4831730782,6.499037011586367,7.05984760156701,0.9466656563785295,2.6692041152066595,0.0,444220.34138226183,23.71515851227688,24.253265249318616,3.4371004340238147,8.98478933280111,0.0,318317.8233321627,104.76454630060489,130.53440190759494,15.915033675939567,50.941281735863406,0.0,575040.9194890814,156.82671385769711,210.3976669673645,24.255906344027235,83.50429004186641,0.0,200754.46190727095,12.529558372116409,12.95341113264768,1.8216189511637124,4.812780315905404,0.0,346240.65984132426,82.04051065633197,106.24352861056461,12.577003000216502,41.83816078380312,0.0,608668.1181685549,330.58829295884766,579.4426910434579,53.356554121629976,248.6688763345412,0.0,524944.6546213641,352.6995591745808,675.2056135983472,57.79878109030877,296.0239201352795,0.0
21,345464.1670608597,3.3762014810183416,4.722240352206119,0.5255145354185766,1.8930937841026436,0.0,303268.6216118713,1.611639779084341,1.6491797274402389,0.2323126508270606,0.6123541834879836,0.0,204682.71878203982,1.933797118859656,1.6215760026831811,0.2640328948551323,0.5664960317365141,0.0,204679.57436809957,3.543438010645404,3.163532550182729,0.49377038743657226,1.1265084578309301,0.0,615329.9592119419,11.084642906866339,21.645495098888656,1.8089248895321786,9.527333035029054,0.0,303255.6688324876,7.038400568590394,7.9255011514562135,1.0325107956489767,3.026724141922946,0.0,531398.9597466843,17.465523071361524,17.613098709972174,2.516248051416956,6.504721635690532,0.0,506031.7312610988,30.85813928037677,33.24191634879929,4.53023812634083,12.495404247087682,0.0,1055945.7112783194,8.06457916779998,8.886592085137393,1.177886030100384,3.373594611765636,0.0,444206.5854224013,29.4294593602658,30.92053346397877,4.289783724058479,11.546906893579347,0.0,318257.6496512533,125.24833671530439,159.42104515731899,19.089734743732606,62.56156577597251,0.0,574951.1536991257,184.80637806995446,253.31841038174716,28.664314513933117,101.07876697724,0.0,200747.19944595388,15.507687610481934,16.471131120489463,2.2673417813221968,6.1687418969111025,0.0,346193.615340457,97.38160846995093,128.78070304433055,14.972696566703927,50.98542003600103,0.0,608480.191215286,377.7713481901727,668.4893296540782,60.971786539183796,286.6610092575573,0.0,524744.650798832,398.52533373090824,769.6599760598712,65.2703655411199,336.9293961104141,0.0
22,345462.23543931084,3.963293561237894,5.644359753345625,0.618016866717068,2.272876954779082,0.0,303267.6844458597,2.015201676095287,2.1040018658453508,0.29159996127783216,0.7860149074029609,0.0,204681.5802239872,2.526977780300771,2.1801433237285712,0.3476890587755819,0.7689234783340947,0.0,204677.49959665016,4.545961370853998,4.177220594010837,0.638107174078596,1.5013562432017373,0.0,615323.6585945418,12.598401080390156,24.622508918787815,2.050985895956153,10.810020845927346,0.0,303251.58926901413,8.688930031762764,9.898469521561179,1.2771363793387687,3.792601488660827,0.0,531388.812054857,21.79725884331014,22.53775683792925,3.1575822718108,8.385668839093832,0.0,506013.881376395,37.8978037835435,41.87043231234752,5.592006175832814,15.852936982404314,0.0,1055941.0335888357,9.984922601310654,11.150742495524018,1.4621575780520406,4.248961839220695,0.0,444189.53393977607,36.36392481258457,39.175625849311125,5.328215417370479,14.73651816979844,0.0,318185.7545890241,149.3842043446949,193.91310530931418,22.836807853042757,76.48042608364077,0.0,574845.4217724596,217.35801931151724,303.84572717677304,33.7986770709009,121.82317797876809,0.0,200738.22053250237,19.113118658715617,20.815353130886386,2.8087968949917514,7.852283969436145,0.0,346137.8015747695,115.35587113087139,155.50369092758902,17.78316473920482,61.8617691358821,0.0,608265.4594297275,431.6934429616417,770.2456583083824,69.67415816283314,330.0755746577211,0.0,524518.6618544238,450.50042149598573,876.4104072878292,73.74115010427431,383.13339762836165,0.0
23,345459.9683606337,4.647569410815603,6.726221389551846,0.7258079947572623,2.719187134326248,0.0,303266.51345537824,2.512735218281785,2.6718694751484886,0.36483859289097237,1.0036232513372536,0.0,204680.09514471478,3.2814348934540503,2.9076243126297876,0.4546967636630206,1.0345125581969308,0.0,204674.8421347091,5.798510290253544,5.473740508187061,0.8193688584913046,1.9841382365714595,0.0,615316.4943268495,14.347640461706325,28.009530811926208,2.3299624182515104,12.265788580204608,0.0,303246.555242949,10.709088586348537,12.332048696614676,1.5770533593507814,4.739100277437083,0.0,531376.1616182898,27.089245713468976,28.67024541113194,3.943920789167556,10.740230990968714,0.0,505991.98032119515,46.368473501937245,52.446443346796606,6.873511602291004,19.988188511850915,0.0,1055935.2453934452,12.335958504734537,13.950894106467851,1.8109643071415582,5.3343197178232815,0.0,444168.4859267121,44.75698539108071,49.354938027490846,6.589165311208584,18.689146426349776,0.0,318100.054350115,177.7876947455644,235.00568834170505,27.253425672440926,93.11035731300628,0.0,574721.1200298718,255.1990164973666,363.2189614112937,39.77339384863562,146.25788290897486,0.0,200727.16495230797,23.467012895359495,26.15885217427793,3.4647020352502493,9.933179643575578,0.0,346071.7165414264,136.39581525666898,187.1286006624692,21.076882651341023,74.76550499230625,0.0,608020.0996144287,493.3194112386358,886.5272594211265,79.61931791279771,379.68681756463155,0.0,524263.20509723114,509.46683059599286,997.1089602941754,83.34772742006814,435.34547050451386,0.0
24,345457.31025438453,5.445395246727252,7.994300073798717,0.8514435846059535,3.243028366235303,0.0,303265.0543037702,3.125198233886306,3.3789958139467577,0.4551603120920825,1.2754731960945613,0.0,204678.16988268206,4.236688797962323,3.849432952396266,0.5908964215213723,1.3806827167059317,0.0,204671.4574284712,7.3572583815279256,7.122895130722922,1.0460066247046602,2.6021544465960362,0.0,615308.3315932099,16.37321711410182,31.870850412171862,2.652168682988151,13.92124948463726,0.0,303240.353484042,13.17801562443875,15.328961135277812,1.9442173512311456,5.9068766563154895,0.0,531360.4557777775,33.53669889826078,36.276205066925456,4.905149731172479,13.674576168322384,0.0,505965.20733315474,56.538231368970756,65.3630910059348,8.416381270723388,25.06088881840323,0.0,1055928.0983027006,15.208925765702723,17.406626124877164,2.238136279887086,6.677083535376087,0.0,444142.60377165483,54.89086848668197,61.860264895940425,8.116218524996022,23.56699540866391,0.0,317998.11520920845,211.174034648203,283.86113379341884,32.45259442545124,112.9336732304824,0.0,574575.2373178977,299.1565283711376,432.8715852794323,46.72043620450197,174.98509747339858,0.0,200713.60310288577,28.71260208597532,32.707614336103845,4.257213002074941,12.494773818764337,0.0,345993.6121460132,161.00303099960252,224.48892983917193,24.933306290195183,90.04406734047637,0.0,607739.7429421061,563.7519012677678,1019.4096192268778,90.98518326147554,436.3798304121167,0.0,523974.32258539327,576.3827271614579,1133.6340081533674,94.24554789056252,494.3722180245102,0.0
25,345454.1961773214,6.376017393879837,9.479543867804587,0.9979251077295684,3.8572499689112147,0.0,303263.24055375403,3.878083752871357,4.257423874875992,0.5663786079652025,1.6141628375147619,0.0,204675.68792452928,5.441150507050636,5.062017623299672,0.7634628321931238,1.829170541827316,0.0,204667.16856870634,9.290019564519413,9.210053055282833,1.3282461208216905,3.3889027918405605,0.0,615299.0121352213,18.723573513454706,36.28197180020759,3.0250835907313043,15.807595879114148,0.0,303232.72516342276,16.191012833550506,19.01382984284007,2.393047850597435,7.345339781952828,0.0,531341.0298377284,41.37205056808256,45.67498449367169,6.076909571318799,17.31662596500522,0.0,505932.58826409886,68.72271222426448,81.08684658291907,10.26968214181521,31.26088536891465,0.0,1055919.2914341877,18.71336700572413,21.66272769732674,2.760305223112737,8.334778788822439,0.0,444110.8882356121,67.09927783417515,77.17076993390313,9.960979401782836,29.56387580784235,0.0,317877.0972303109,250.3736587542337,341.83602325336955,38.565639990787766,136.51385365811197,0.0,574404.2929652275,350.18387695179564,514.4608569367675,54.7919837156869,208.70144648931839,0.0,200697.02338950138,35.019038985627645,40.70686608233067,5.21252758565964,15.636467303464507,0.0,345901.4550827308,189.75892706163344,268.5542784296897,29.44458992706644,108.1019057208355,0.0,607419.3975801715,644.2507556985105,1171.2652165375657,103.97508912185901,501.166400043903,0.0,523647.51608414314,652.3382818258107,1288.1214457592025,106.61150645559286,561.1306948941204,0.0
